# 置き場所(models/ からの相対)	サイズ(バイト)	sha256	取得元URL
diffusion_models/minimax_h3_ref2va_pruned_int8_convrot.safetensors	20970379616	9255f52b6677845ad238f20dfaafa94727053694127ab7f255c048f0f9365779	https://huggingface.co/Comfy-Org/MiniMax-H3/resolve/main/diffusion_models/minimax_h3_ref2va_pruned_int8_convrot.safetensors
diffusion_models/minimax_h3_fl2va_pruned_int8_convrot.safetensors	20970379616	e889202c41dafb67b10d67b97f0d8541508036a6090af23425a5c2615d03c47a	https://huggingface.co/Comfy-Org/MiniMax-H3/resolve/main/diffusion_models/minimax_h3_fl2va_pruned_int8_convrot.safetensors
text_encoders/qwen3vl_32b_minimax_h3_nvfp4_awq.safetensors	15687142551	35a88d51044231fe332301d7a62aa81e3f2cba62febeb446e2c1e3e0ef76f2c6	https://huggingface.co/Comfy-Org/MiniMax-H3/resolve/main/text_encoders/qwen3vl_32b_minimax_h3_nvfp4_awq.safetensors
vae/minimax_h3_video_vae_fp16.safetensors	5207808496	7c1f131492e7eddacaac9069a61b81bdd39de5cc96561e677c5eab1cdce5e522	https://huggingface.co/Comfy-Org/MiniMax-H3/resolve/main/vae/minimax_h3_video_vae_fp16.safetensors
vae/minimax_h3_audio_vae_fp32.safetensors	605254808	8e505d95dd1561d47abd43d4238fd40d9bb1ae9e147ed0a4cba778d76ae4db48	https://huggingface.co/Comfy-Org/MiniMax-H3/resolve/main/vae/minimax_h3_audio_vae_fp32.safetensors
loras/h3_character_swap_pro4500_1000.safetensors	155110320	4b2a3f420ae804c0aa3422761ff84dbd1bf52eef6900ffab6d2e66df63cb4e79	https://huggingface.co/akatz-ai/MiniMax-H3-Character-Swap-LoRA/resolve/main/h3_character_swap_pro4500_1000.safetensors
loras/minimax_h3_ref2v_turbo_8step_v1.0_768p_comfyui_bf16.safetensors	1956193000	6a56f41ab4229c9dd845b9501bbd475ee57e112d846cf2e819d534a1ae928c5a	https://huggingface.co/lightx2v/Minimax-h3-Turbo/resolve/main/minimax_h3_ref2v_turbo_8step_v1.0_768p_comfyui_bf16.safetensors
loras/minimax_h3_turbo_v4_step600_ema.safetensors	779849816	5f3a626cd72c93a8b9318d6760c510bc5092d2ab13aaba1f932c5bab07a416d3	https://huggingface.co/larryvrh/MiniMax-H3-Turbo-Lora/resolve/main/minimax_h3_turbo_v4_step600_ema.safetensors
veda/minimax_h3_t2va_veda_8nfe_600step_preview_fp8.safetensors	275415648	2a8d8845c5342756a2781e8e69563940e4bb573c9a40ebb534915ff8fd76573a	https://huggingface.co/Veda-Sparse/Minimax-H3-T2VA-Veda-8NFE-600Step-Preview/resolve/main/minimax_h3_t2va_veda_8nfe_600step_preview_fp8.safetensors
